entity:read_group_id	instrument_model	sequencing_date	to_trim_adapter_sequence	reference_sequence	target_capture_kit	experiment_name	read_group_name	flow_cell_barcode	is_paired_end	library_preparation_kit_vendor	type	library_preparation_kit_name	library_preparation_kit_catalog_number	library_preparation_kit_version	library_selection	read_length	library_name	library_strand	sequencing_center	includes_spike_ins	lane_number	reference_sequence_version	multiplex_barcode	library_strategy	platform
HMHYJDSX3.1.RP-1329.CTSP-B6F9-TTP1-A-1-0-D-A92B-36	Other	2022-07-13T11:44:40	True	Homo_sapiens_assembly38	Not Applicable	CTSP-B6F9-TTP1-A-1-0-D-A92B-36.WGS.RP-1329	HMHYJ.1	HMHYJDSX3	True	Kapa BioSystems	read_group	KAPA HyperPrep Kit (no amp)	KK8505	v1.1	Random	151	0415052444_Illumina_P5-Fezex_P7-Halex	Not Applicable	BI	False	1	0	ATCTTCTC+CAACTCTC	WGS	Illumina
HMHVKDSX3.1.RP-1329.CTSP-B6F9-TTP1-A-1-0-D-A92B-36	Other	2022-07-13T11:34:52	True	Homo_sapiens_assembly38	Not Applicable	CTSP-B6F9-TTP1-A-1-0-D-A92B-36.WGS.RP-1329	HMHVK.1	HMHVKDSX3	True	Kapa BioSystems	read_group	KAPA HyperPrep Kit (no amp)	KK8505	v1.1	Random	151	0415052444_Illumina_P5-Fezex_P7-Halex	Not Applicable	BI	False	1	0	ATCTTCTC+CAACTCTC	WGS	Illumina
HMHM7DSX3.1.RP-1329.CTSP-B6F9-TTP1-A-1-0-D-A92B-36	Other	2022-07-13T11:26:32	True	Homo_sapiens_assembly38	Not Applicable	CTSP-B6F9-TTP1-A-1-0-D-A92B-36.WGS.RP-1329	HMHM7.1	HMHM7DSX3	True	Kapa BioSystems	read_group	KAPA HyperPrep Kit (no amp)	KK8505	v1.1	Random	151	0415052444_Illumina_P5-Fezex_P7-Halex	Not Applicable	BI	False	1	0	ATCTTCTC+CAACTCTC	WGS	Illumina
HMHJKDSX3.1.RP-1329.CTSP-B6F9-TTP1-A-1-0-D-A92B-36	Other	2022-07-13T11:34:52	True	Homo_sapiens_assembly38	Not Applicable	CTSP-B6F9-TTP1-A-1-0-D-A92B-36.WGS.RP-1329	HMHJK.1	HMHJKDSX3	True	Kapa BioSystems	read_group	KAPA HyperPrep Kit (no amp)	KK8505	v1.1	Random	151	0415052444_Illumina_P5-Fezex_P7-Halex	Not Applicable	BI	False	1	0	ATCTTCTC+CAACTCTC	WGS	Illumina
HMHG7DSX3.1.RP-1329.CTSP-B6F9-TTP1-A-1-0-D-A92B-36	Other	2022-07-13T11:17:04	True	Homo_sapiens_assembly38	Not Applicable	CTSP-B6F9-TTP1-A-1-0-D-A92B-36.WGS.RP-1329	HMHG7.1	HMHG7DSX3	True	Kapa BioSystems	read_group	KAPA HyperPrep Kit (no amp)	KK8505	v1.1	Random	151	0415052444_Illumina_P5-Fezex_P7-Halex	Not Applicable	BI	False	1	0	ATCTTCTC+CAACTCTC	WGS	Illumina
HMH72DSX3.1.RP-1329.CTSP-B6F9-TTP1-A-1-0-D-A92B-36	Other	2022-07-13T11:06:01	True	Homo_sapiens_assembly38	Not Applicable	CTSP-B6F9-TTP1-A-1-0-D-A92B-36.WGS.RP-1329	HMH72.1	HMH72DSX3	True	Kapa BioSystems	read_group	KAPA HyperPrep Kit (no amp)	KK8505	v1.1	Random	151	0415052444_Illumina_P5-Fezex_P7-Halex	Not Applicable	BI	False	1	0	ATCTTCTC+CAACTCTC	WGS	Illumina
HMHLTDSX3.1.RP-1329.CTSP-B6F9-TTP1-A-1-0-D-A92B-36	Other	2022-07-13T11:17:04	True	Homo_sapiens_assembly38	Not Applicable	CTSP-B6F9-TTP1-A-1-0-D-A92B-36.WGS.RP-1329	HMHLT.1	HMHLTDSX3	True	Kapa BioSystems	read_group	KAPA HyperPrep Kit (no amp)	KK8505	v1.1	Random	151	0415052444_Illumina_P5-Fezex_P7-Halex	Not Applicable	BI	False	1	0	ATCTTCTC+CAACTCTC	WGS	Illumina
HMHMLDSX3.1.RP-1329.CTSP-B6F9-TTP1-A-1-0-D-A92B-36	Other	2022-07-13T11:26:32	True	Homo_sapiens_assembly38	Not Applicable	CTSP-B6F9-TTP1-A-1-0-D-A92B-36.WGS.RP-1329	HMHML.1	HMHMLDSX3	True	Kapa BioSystems	read_group	KAPA HyperPrep Kit (no amp)	KK8505	v1.1	Random	151	0415052444_Illumina_P5-Fezex_P7-Halex	Not Applicable	BI	False	1	0	ATCTTCTC+CAACTCTC	WGS	Illumina
HMHV2DSX3.1.RP-1329.CTSP-B6F9-TTP1-A-1-0-D-A92B-36	Other	2022-07-13T11:06:01	True	Homo_sapiens_assembly38	Not Applicable	CTSP-B6F9-TTP1-A-1-0-D-A92B-36.WGS.RP-1329	HMHV2.1	HMHV2DSX3	True	Kapa BioSystems	read_group	KAPA HyperPrep Kit (no amp)	KK8505	v1.1	Random	151	0415052444_Illumina_P5-Fezex_P7-Halex	Not Applicable	BI	False	1	0	ATCTTCTC+CAACTCTC	WGS	Illumina
HMHJ7DSX3.1.RP-1329.CTSP-B6F9-TTP1-A-1-0-D-A92B-36	Other	2022-07-13T11:44:40	True	Homo_sapiens_assembly38	Not Applicable	CTSP-B6F9-TTP1-A-1-0-D-A92B-36.WGS.RP-1329	HMHJ7.1	HMHJ7DSX3	True	Kapa BioSystems	read_group	KAPA HyperPrep Kit (no amp)	KK8505	v1.1	Random	151	0415052444_Illumina_P5-Fezex_P7-Halex	Not Applicable	BI	False	1	0	ATCTTCTC+CAACTCTC	WGS	Illumina
